{"cameraMode":{"drawMode":0,"name":"Shaded","section":"Shading Mode"},"sceneLighting":true,"audioPlay":false,"sceneViewState":{"showFog":true,"showMaterialUpdate":false,"showSkybox":true,"showFlares":true,"showImageEffects":true,"showParticleSystems":true},"in2DMode":false,"pivot":{"x":39.94996643066406,"y":51.438167572021487,"z":-184.5472869873047},"rotation":{"x":0.1609012335538864,"y":-0.04207673296332359,"z":0.006918210070580244,"w":0.9860489964485169},"size":35.244266510009769,"orthographic":false}