{"cameraMode":{"drawMode":0,"name":"Shaded","section":"Shading Mode"},"sceneLighting":true,"audioPlay":false,"sceneViewState":{"showFog":true,"showMaterialUpdate":false,"showSkybox":true,"showFlares":true,"showImageEffects":true,"showParticleSystems":true},"in2DMode":false,"pivot":{"x":45.14019775390625,"y":-20.181180953979493,"z":-113.08287048339844},"rotation":{"x":0.04826832190155983,"y":0.6654250621795654,"z":-0.04319198057055473,"w":0.7436492443084717},"size":409.6029357910156,"orthographic":false}