{"cameraMode":{"drawMode":0,"name":"Shaded","section":"Shading Mode"},"sceneLighting":true,"audioPlay":false,"sceneViewState":{"showFog":true,"showMaterialUpdate":false,"showSkybox":true,"showFlares":true,"showImageEffects":true,"showParticleSystems":true},"in2DMode":false,"pivot":{"x":12.957362174987793,"y":21.75360107421875,"z":-83.9283676147461},"rotation":{"x":0.09147950261831284,"y":0.15498889982700349,"z":-0.014415841549634934,"w":0.9835660457611084},"size":110.25557708740235,"orthographic":false}