{"cameraMode":{"drawMode":0,"name":"Shaded","section":"Shading Mode"},"sceneLighting":true,"audioPlay":false,"sceneViewState":{"showFog":true,"showMaterialUpdate":false,"showSkybox":true,"showFlares":true,"showImageEffects":true,"showParticleSystems":true},"in2DMode":false,"pivot":{"x":-57.1356201171875,"y":55.38895034790039,"z":53.11418151855469},"rotation":{"x":0.048967212438583377,"y":-0.9507724046707153,"z":-0.20589454472064973,"w":-0.22636602818965913},"size":5.602512836456299,"orthographic":false}