{"cameraMode":{"drawMode":0,"name":"Shaded","section":"Shading Mode"},"sceneLighting":true,"audioPlay":false,"sceneViewState":{"showFog":true,"showMaterialUpdate":false,"showSkybox":true,"showFlares":true,"showImageEffects":true,"showParticleSystems":true},"in2DMode":false,"pivot":{"x":39.075626373291019,"y":-76.43608093261719,"z":-122.08672332763672},"rotation":{"x":-0.12597902119159699,"y":0.8063464760780335,"z":-0.1857404261827469,"w":-0.5472067594528198},"size":342.59619140625,"orthographic":false}