{"cameraMode":{"drawMode":0,"name":"Shaded","section":"Shading Mode"},"sceneLighting":true,"audioPlay":false,"sceneViewState":{"showFog":true,"showMaterialUpdate":false,"showSkybox":true,"showFlares":true,"showImageEffects":true,"showParticleSystems":true},"in2DMode":false,"pivot":{"x":35.902313232421878,"y":40.639686584472659,"z":-91.69200134277344},"rotation":{"x":0.15559940040111543,"y":0.11116599291563034,"z":-0.017626028507947923,"w":0.9813869595527649},"size":76.28296661376953,"orthographic":false}